<annotation>
	<folder>images</folder>
	<filename>10.jpg</filename>
	<path>../images/10.jpg</path>
	<source>
		<database>Unknown</database>
	</source>
	<size>
		<width>499</width>
		<height>666</height>
		<depth>3</depth>
	</size>
	<segmented>0</segmented>
	<object>
		<name>obj2</name>
		<pose>Unspecified</pose>
		<truncated>0</truncated>
		<difficult>0</difficult>
		<bndbox>
			<xmin>86</xmin>
			<ymin>102</ymin>
			<xmax>216</xmax>
			<ymax>439</ymax>
		</bndbox>
	</object>
	<object>
		<name>obj3</name>
		<pose>Unspecified</pose>
		<truncated>0</truncated>
		<difficult>0</difficult>
		<bndbox>
			<xmin>150</xmin>
			<ymin>377</ymin>
			<xmax>445</xmax>
			<ymax>490</ymax>
		</bndbox>
	</object>
</annotation>
