<annotation>
	<folder>images</folder>
	<filename>107.jpg</filename>
	<path>../images/107.jpg</path>
	<source>
		<database>Unknown</database>
	</source>
	<size>
		<width>499</width>
		<height>666</height>
		<depth>3</depth>
	</size>
	<segmented>0</segmented>
	<object>
		<name>obj3</name>
		<pose>Unspecified</pose>
		<truncated>0</truncated>
		<difficult>0</difficult>
		<bndbox>
			<xmin>107</xmin>
			<ymin>272</ymin>
			<xmax>240</xmax>
			<ymax>501</ymax>
		</bndbox>
	</object>
	<object>
		<name>obj1</name>
		<pose>Unspecified</pose>
		<truncated>0</truncated>
		<difficult>0</difficult>
		<bndbox>
			<xmin>261</xmin>
			<ymin>274</ymin>
			<xmax>393</xmax>
			<ymax>449</ymax>
		</bndbox>
	</object>
</annotation>
