<annotation>
	<folder>images</folder>
	<filename>108.jpg</filename>
	<path>../images/108.jpg</path>
	<source>
		<database>Unknown</database>
	</source>
	<size>
		<width>499</width>
		<height>666</height>
		<depth>3</depth>
	</size>
	<segmented>0</segmented>
	<object>
		<name>obj3</name>
		<pose>Unspecified</pose>
		<truncated>0</truncated>
		<difficult>0</difficult>
		<bndbox>
			<xmin>35</xmin>
			<ymin>314</ymin>
			<xmax>324</xmax>
			<ymax>416</ymax>
		</bndbox>
	</object>
	<object>
		<name>obj1</name>
		<pose>Unspecified</pose>
		<truncated>0</truncated>
		<difficult>0</difficult>
		<bndbox>
			<xmin>313</xmin>
			<ymin>281</ymin>
			<xmax>449</xmax>
			<ymax>456</ymax>
		</bndbox>
	</object>
</annotation>
