<annotation>
	<folder>images</folder>
	<filename>109.jpg</filename>
	<path>../images/109.jpg</path>
	<source>
		<database>Unknown</database>
	</source>
	<size>
		<width>499</width>
		<height>666</height>
		<depth>3</depth>
	</size>
	<segmented>0</segmented>
	<object>
		<name>obj3</name>
		<pose>Unspecified</pose>
		<truncated>0</truncated>
		<difficult>0</difficult>
		<bndbox>
			<xmin>97</xmin>
			<ymin>272</ymin>
			<xmax>230</xmax>
			<ymax>528</ymax>
		</bndbox>
	</object>
	<object>
		<name>obj1</name>
		<pose>Unspecified</pose>
		<truncated>0</truncated>
		<difficult>0</difficult>
		<bndbox>
			<xmin>225</xmin>
			<ymin>293</ymin>
			<xmax>429</xmax>
			<ymax>402</ymax>
		</bndbox>
	</object>
</annotation>
