<annotation>
	<folder>images</folder>
	<filename>110.jpg</filename>
	<path>../images/110.jpg</path>
	<source>
		<database>Unknown</database>
	</source>
	<size>
		<width>499</width>
		<height>666</height>
		<depth>3</depth>
	</size>
	<segmented>0</segmented>
	<object>
		<name>obj3</name>
		<pose>Unspecified</pose>
		<truncated>0</truncated>
		<difficult>0</difficult>
		<bndbox>
			<xmin>47</xmin>
			<ymin>308</ymin>
			<xmax>346</xmax>
			<ymax>418</ymax>
		</bndbox>
	</object>
	<object>
		<name>obj1</name>
		<pose>Unspecified</pose>
		<truncated>0</truncated>
		<difficult>0</difficult>
		<bndbox>
			<xmin>331</xmin>
			<ymin>205</ymin>
			<xmax>458</xmax>
			<ymax>410</ymax>
		</bndbox>
	</object>
</annotation>
