<annotation>
	<folder>images</folder>
	<filename>111.jpg</filename>
	<path>../images/111.jpg</path>
	<source>
		<database>Unknown</database>
	</source>
	<size>
		<width>499</width>
		<height>666</height>
		<depth>3</depth>
	</size>
	<segmented>0</segmented>
	<object>
		<name>obj4</name>
		<pose>Unspecified</pose>
		<truncated>0</truncated>
		<difficult>0</difficult>
		<bndbox>
			<xmin>98</xmin>
			<ymin>176</ymin>
			<xmax>219</xmax>
			<ymax>496</ymax>
		</bndbox>
	</object>
	<object>
		<name>obj2</name>
		<pose>Unspecified</pose>
		<truncated>0</truncated>
		<difficult>0</difficult>
		<bndbox>
			<xmin>220</xmin>
			<ymin>130</ymin>
			<xmax>392</xmax>
			<ymax>505</ymax>
		</bndbox>
	</object>
</annotation>
