<annotation>
	<folder>images</folder>
	<filename>112.jpg</filename>
	<path>../images/112.jpg</path>
	<source>
		<database>Unknown</database>
	</source>
	<size>
		<width>499</width>
		<height>666</height>
		<depth>3</depth>
	</size>
	<segmented>0</segmented>
	<object>
		<name>obj4</name>
		<pose>Unspecified</pose>
		<truncated>0</truncated>
		<difficult>0</difficult>
		<bndbox>
			<xmin>29</xmin>
			<ymin>415</ymin>
			<xmax>356</xmax>
			<ymax>534</ymax>
		</bndbox>
	</object>
	<object>
		<name>obj2</name>
		<pose>Unspecified</pose>
		<truncated>0</truncated>
		<difficult>0</difficult>
		<bndbox>
			<xmin>272</xmin>
			<ymin>145</ymin>
			<xmax>434</xmax>
			<ymax>492</ymax>
		</bndbox>
	</object>
</annotation>
