<annotation>
	<folder>images</folder>
	<filename>113.jpg</filename>
	<path>../images/113.jpg</path>
	<source>
		<database>Unknown</database>
	</source>
	<size>
		<width>499</width>
		<height>666</height>
		<depth>3</depth>
	</size>
	<segmented>0</segmented>
	<object>
		<name>obj4</name>
		<pose>Unspecified</pose>
		<truncated>0</truncated>
		<difficult>0</difficult>
		<bndbox>
			<xmin>82</xmin>
			<ymin>128</ymin>
			<xmax>199</xmax>
			<ymax>377</ymax>
		</bndbox>
	</object>
	<object>
		<name>obj2</name>
		<pose>Unspecified</pose>
		<truncated>0</truncated>
		<difficult>0</difficult>
		<bndbox>
			<xmin>89</xmin>
			<ymin>333</ymin>
			<xmax>442</xmax>
			<ymax>550</ymax>
		</bndbox>
	</object>
</annotation>
