<annotation>
	<folder>images</folder>
	<filename>114.jpg</filename>
	<path>../images/114.jpg</path>
	<source>
		<database>Unknown</database>
	</source>
	<size>
		<width>499</width>
		<height>666</height>
		<depth>3</depth>
	</size>
	<segmented>0</segmented>
	<object>
		<name>obj4</name>
		<pose>Unspecified</pose>
		<truncated>0</truncated>
		<difficult>0</difficult>
		<bndbox>
			<xmin>74</xmin>
			<ymin>114</ymin>
			<xmax>197</xmax>
			<ymax>370</ymax>
		</bndbox>
	</object>
	<object>
		<name>obj2</name>
		<pose>Unspecified</pose>
		<truncated>0</truncated>
		<difficult>0</difficult>
		<bndbox>
			<xmin>56</xmin>
			<ymin>330</ymin>
			<xmax>461</xmax>
			<ymax>544</ymax>
		</bndbox>
	</object>
</annotation>
