<annotation>
	<folder>images</folder>
	<filename>115.jpg</filename>
	<path>../images/115.jpg</path>
	<source>
		<database>Unknown</database>
	</source>
	<size>
		<width>499</width>
		<height>666</height>
		<depth>3</depth>
	</size>
	<segmented>0</segmented>
	<object>
		<name>obj2</name>
		<pose>Unspecified</pose>
		<truncated>0</truncated>
		<difficult>0</difficult>
		<bndbox>
			<xmin>229</xmin>
			<ymin>118</ymin>
			<xmax>357</xmax>
			<ymax>428</ymax>
		</bndbox>
	</object>
	<object>
		<name>obj4</name>
		<pose>Unspecified</pose>
		<truncated>0</truncated>
		<difficult>0</difficult>
		<bndbox>
			<xmin>131</xmin>
			<ymin>365</ymin>
			<xmax>438</xmax>
			<ymax>555</ymax>
		</bndbox>
	</object>
</annotation>
