<annotation>
	<folder>images</folder>
	<filename>116.jpg</filename>
	<path>../images/116.jpg</path>
	<source>
		<database>Unknown</database>
	</source>
	<size>
		<width>499</width>
		<height>666</height>
		<depth>3</depth>
	</size>
	<segmented>0</segmented>
	<object>
		<name>obj4</name>
		<pose>Unspecified</pose>
		<truncated>0</truncated>
		<difficult>0</difficult>
		<bndbox>
			<xmin>65</xmin>
			<ymin>169</ymin>
			<xmax>186</xmax>
			<ymax>478</ymax>
		</bndbox>
	</object>
	<object>
		<name>obj2</name>
		<pose>Unspecified</pose>
		<truncated>0</truncated>
		<difficult>0</difficult>
		<bndbox>
			<xmin>242</xmin>
			<ymin>132</ymin>
			<xmax>427</xmax>
			<ymax>520</ymax>
		</bndbox>
	</object>
</annotation>
