<annotation>
	<folder>images</folder>
	<filename>117.jpg</filename>
	<path>../images/117.jpg</path>
	<source>
		<database>Unknown</database>
	</source>
	<size>
		<width>499</width>
		<height>666</height>
		<depth>3</depth>
	</size>
	<segmented>0</segmented>
	<object>
		<name>obj4</name>
		<pose>Unspecified</pose>
		<truncated>0</truncated>
		<difficult>0</difficult>
		<bndbox>
			<xmin>140</xmin>
			<ymin>167</ymin>
			<xmax>279</xmax>
			<ymax>552</ymax>
		</bndbox>
	</object>
	<object>
		<name>obj3</name>
		<pose>Unspecified</pose>
		<truncated>0</truncated>
		<difficult>0</difficult>
		<bndbox>
			<xmin>240</xmin>
			<ymin>190</ymin>
			<xmax>342</xmax>
			<ymax>487</ymax>
		</bndbox>
	</object>
</annotation>
