<annotation>
	<folder>images</folder>
	<filename>118.jpg</filename>
	<path>../images/118.jpg</path>
	<source>
		<database>Unknown</database>
	</source>
	<size>
		<width>499</width>
		<height>666</height>
		<depth>3</depth>
	</size>
	<segmented>0</segmented>
	<object>
		<name>obj3</name>
		<pose>Unspecified</pose>
		<truncated>0</truncated>
		<difficult>0</difficult>
		<bndbox>
			<xmin>196</xmin>
			<ymin>200</ymin>
			<xmax>299</xmax>
			<ymax>428</ymax>
		</bndbox>
	</object>
	<object>
		<name>obj4</name>
		<pose>Unspecified</pose>
		<truncated>0</truncated>
		<difficult>0</difficult>
		<bndbox>
			<xmin>88</xmin>
			<ymin>410</ymin>
			<xmax>443</xmax>
			<ymax>539</ymax>
		</bndbox>
	</object>
</annotation>
