<annotation>
	<folder>images</folder>
	<filename>119.jpg</filename>
	<path>../images/119.jpg</path>
	<source>
		<database>Unknown</database>
	</source>
	<size>
		<width>499</width>
		<height>666</height>
		<depth>3</depth>
	</size>
	<segmented>0</segmented>
	<object>
		<name>obj4</name>
		<pose>Unspecified</pose>
		<truncated>0</truncated>
		<difficult>0</difficult>
		<bndbox>
			<xmin>139</xmin>
			<ymin>116</ymin>
			<xmax>258</xmax>
			<ymax>408</ymax>
		</bndbox>
	</object>
	<object>
		<name>obj3</name>
		<pose>Unspecified</pose>
		<truncated>0</truncated>
		<difficult>0</difficult>
		<bndbox>
			<xmin>128</xmin>
			<ymin>389</ymin>
			<xmax>469</xmax>
			<ymax>523</ymax>
		</bndbox>
	</object>
</annotation>
