<annotation>
	<folder>images</folder>
	<filename>12.jpg</filename>
	<path>../images/12.jpg</path>
	<source>
		<database>Unknown</database>
	</source>
	<size>
		<width>499</width>
		<height>666</height>
		<depth>3</depth>
	</size>
	<segmented>0</segmented>
	<object>
		<name>obj2</name>
		<pose>Unspecified</pose>
		<truncated>0</truncated>
		<difficult>0</difficult>
		<bndbox>
			<xmin>51</xmin>
			<ymin>107</ymin>
			<xmax>197</xmax>
			<ymax>467</ymax>
		</bndbox>
	</object>
	<object>
		<name>obj4</name>
		<pose>Unspecified</pose>
		<truncated>0</truncated>
		<difficult>0</difficult>
		<bndbox>
			<xmin>94</xmin>
			<ymin>402</ymin>
			<xmax>454</xmax>
			<ymax>525</ymax>
		</bndbox>
	</object>
</annotation>
