<annotation>
	<folder>images</folder>
	<filename>120.jpg</filename>
	<path>../images/120.jpg</path>
	<source>
		<database>Unknown</database>
	</source>
	<size>
		<width>499</width>
		<height>666</height>
		<depth>3</depth>
	</size>
	<segmented>0</segmented>
	<object>
		<name>obj4</name>
		<pose>Unspecified</pose>
		<truncated>0</truncated>
		<difficult>0</difficult>
		<bndbox>
			<xmin>150</xmin>
			<ymin>139</ymin>
			<xmax>262</xmax>
			<ymax>445</ymax>
		</bndbox>
	</object>
	<object>
		<name>obj3</name>
		<pose>Unspecified</pose>
		<truncated>0</truncated>
		<difficult>0</difficult>
		<bndbox>
			<xmin>149</xmin>
			<ymin>355</ymin>
			<xmax>405</xmax>
			<ymax>571</ymax>
		</bndbox>
	</object>
</annotation>
