<annotation>
	<folder>images</folder>
	<filename>121.jpg</filename>
	<path>../images/121.jpg</path>
	<source>
		<database>Unknown</database>
	</source>
	<size>
		<width>499</width>
		<height>666</height>
		<depth>3</depth>
	</size>
	<segmented>0</segmented>
	<object>
		<name>obj4</name>
		<pose>Unspecified</pose>
		<truncated>0</truncated>
		<difficult>0</difficult>
		<bndbox>
			<xmin>36</xmin>
			<ymin>294</ymin>
			<xmax>339</xmax>
			<ymax>404</ymax>
		</bndbox>
	</object>
	<object>
		<name>obj3</name>
		<pose>Unspecified</pose>
		<truncated>0</truncated>
		<difficult>0</difficult>
		<bndbox>
			<xmin>169</xmin>
			<ymin>371</ymin>
			<xmax>483</xmax>
			<ymax>507</ymax>
		</bndbox>
	</object>
</annotation>
