<annotation>
	<folder>images</folder>
	<filename>122.jpg</filename>
	<path>../images/122.jpg</path>
	<source>
		<database>Unknown</database>
	</source>
	<size>
		<width>499</width>
		<height>666</height>
		<depth>3</depth>
	</size>
	<segmented>0</segmented>
	<object>
		<name>obj4</name>
		<pose>Unspecified</pose>
		<truncated>0</truncated>
		<difficult>0</difficult>
		<bndbox>
			<xmin>31</xmin>
			<ymin>296</ymin>
			<xmax>344</xmax>
			<ymax>419</ymax>
		</bndbox>
	</object>
	<object>
		<name>obj3</name>
		<pose>Unspecified</pose>
		<truncated>0</truncated>
		<difficult>0</difficult>
		<bndbox>
			<xmin>171</xmin>
			<ymin>373</ymin>
			<xmax>497</xmax>
			<ymax>518</ymax>
		</bndbox>
	</object>
</annotation>
