<annotation>
	<folder>images</folder>
	<filename>123.jpg</filename>
	<path>../images/123.jpg</path>
	<source>
		<database>Unknown</database>
	</source>
	<size>
		<width>499</width>
		<height>666</height>
		<depth>3</depth>
	</size>
	<segmented>0</segmented>
	<object>
		<name>obj1</name>
		<pose>Unspecified</pose>
		<truncated>0</truncated>
		<difficult>0</difficult>
		<bndbox>
			<xmin>107</xmin>
			<ymin>288</ymin>
			<xmax>227</xmax>
			<ymax>500</ymax>
		</bndbox>
	</object>
	<object>
		<name>obj2</name>
		<pose>Unspecified</pose>
		<truncated>0</truncated>
		<difficult>0</difficult>
		<bndbox>
			<xmin>243</xmin>
			<ymin>112</ymin>
			<xmax>424</xmax>
			<ymax>494</ymax>
		</bndbox>
	</object>
</annotation>
