<annotation>
	<folder>images</folder>
	<filename>124.jpg</filename>
	<path>../images/124.jpg</path>
	<source>
		<database>Unknown</database>
	</source>
	<size>
		<width>499</width>
		<height>666</height>
		<depth>3</depth>
	</size>
	<segmented>0</segmented>
	<object>
		<name>obj1</name>
		<pose>Unspecified</pose>
		<truncated>0</truncated>
		<difficult>0</difficult>
		<bndbox>
			<xmin>50</xmin>
			<ymin>263</ymin>
			<xmax>175</xmax>
			<ymax>471</ymax>
		</bndbox>
	</object>
	<object>
		<name>obj2</name>
		<pose>Unspecified</pose>
		<truncated>0</truncated>
		<difficult>0</difficult>
		<bndbox>
			<xmin>122</xmin>
			<ymin>186</ymin>
			<xmax>473</xmax>
			<ymax>487</ymax>
		</bndbox>
	</object>
</annotation>
