<annotation>
	<folder>images</folder>
	<filename>125.jpg</filename>
	<path>../images/125.jpg</path>
	<source>
		<database>Unknown</database>
	</source>
	<size>
		<width>499</width>
		<height>666</height>
		<depth>3</depth>
	</size>
	<segmented>0</segmented>
	<object>
		<name>obj1</name>
		<pose>Unspecified</pose>
		<truncated>0</truncated>
		<difficult>0</difficult>
		<bndbox>
			<xmin>86</xmin>
			<ymin>371</ymin>
			<xmax>294</xmax>
			<ymax>483</ymax>
		</bndbox>
	</object>
	<object>
		<name>obj2</name>
		<pose>Unspecified</pose>
		<truncated>0</truncated>
		<difficult>0</difficult>
		<bndbox>
			<xmin>279</xmin>
			<ymin>111</ymin>
			<xmax>462</xmax>
			<ymax>484</ymax>
		</bndbox>
	</object>
</annotation>
