<annotation>
	<folder>images</folder>
	<filename>126.jpg</filename>
	<path>../images/126.jpg</path>
	<source>
		<database>Unknown</database>
	</source>
	<size>
		<width>499</width>
		<height>666</height>
		<depth>3</depth>
	</size>
	<segmented>0</segmented>
	<object>
		<name>obj1</name>
		<pose>Unspecified</pose>
		<truncated>0</truncated>
		<difficult>0</difficult>
		<bndbox>
			<xmin>111</xmin>
			<ymin>206</ymin>
			<xmax>220</xmax>
			<ymax>381</ymax>
		</bndbox>
	</object>
	<object>
		<name>obj2</name>
		<pose>Unspecified</pose>
		<truncated>0</truncated>
		<difficult>0</difficult>
		<bndbox>
			<xmin>102</xmin>
			<ymin>285</ymin>
			<xmax>444</xmax>
			<ymax>574</ymax>
		</bndbox>
	</object>
</annotation>
