<annotation>
	<folder>images</folder>
	<filename>127.jpg</filename>
	<path>../images/127.jpg</path>
	<source>
		<database>Unknown</database>
	</source>
	<size>
		<width>499</width>
		<height>666</height>
		<depth>3</depth>
	</size>
	<segmented>0</segmented>
	<object>
		<name>obj1</name>
		<pose>Unspecified</pose>
		<truncated>0</truncated>
		<difficult>0</difficult>
		<bndbox>
			<xmin>103</xmin>
			<ymin>300</ymin>
			<xmax>252</xmax>
			<ymax>567</ymax>
		</bndbox>
	</object>
	<object>
		<name>obj2</name>
		<pose>Unspecified</pose>
		<truncated>0</truncated>
		<difficult>0</difficult>
		<bndbox>
			<xmin>229</xmin>
			<ymin>71</ymin>
			<xmax>405</xmax>
			<ymax>454</ymax>
		</bndbox>
	</object>
</annotation>
