<annotation>
	<folder>images</folder>
	<filename>128.jpg</filename>
	<path>../images/128.jpg</path>
	<source>
		<database>Unknown</database>
	</source>
	<size>
		<width>499</width>
		<height>666</height>
		<depth>3</depth>
	</size>
	<segmented>0</segmented>
	<object>
		<name>obj1</name>
		<pose>Unspecified</pose>
		<truncated>0</truncated>
		<difficult>0</difficult>
		<bndbox>
			<xmin>134</xmin>
			<ymin>257</ymin>
			<xmax>222</xmax>
			<ymax>415</ymax>
		</bndbox>
	</object>
	<object>
		<name>obj2</name>
		<pose>Unspecified</pose>
		<truncated>0</truncated>
		<difficult>0</difficult>
		<bndbox>
			<xmin>244</xmin>
			<ymin>139</ymin>
			<xmax>428</xmax>
			<ymax>519</ymax>
		</bndbox>
	</object>
</annotation>
