<annotation>
	<folder>images</folder>
	<filename>13.jpg</filename>
	<path>../images/13.jpg</path>
	<source>
		<database>Unknown</database>
	</source>
	<size>
		<width>499</width>
		<height>666</height>
		<depth>3</depth>
	</size>
	<segmented>0</segmented>
	<object>
		<name>obj2</name>
		<pose>Unspecified</pose>
		<truncated>0</truncated>
		<difficult>0</difficult>
		<bndbox>
			<xmin>89</xmin>
			<ymin>121</ymin>
			<xmax>230</xmax>
			<ymax>475</ymax>
		</bndbox>
	</object>
	<object>
		<name>obj1</name>
		<pose>Unspecified</pose>
		<truncated>0</truncated>
		<difficult>0</difficult>
		<bndbox>
			<xmin>273</xmin>
			<ymin>278</ymin>
			<xmax>377</xmax>
			<ymax>471</ymax>
		</bndbox>
	</object>
</annotation>
