<annotation>
	<folder>images</folder>
	<filename>14.jpg</filename>
	<path>../images/14.jpg</path>
	<source>
		<database>Unknown</database>
	</source>
	<size>
		<width>499</width>
		<height>666</height>
		<depth>3</depth>
	</size>
	<segmented>0</segmented>
	<object>
		<name>obj2</name>
		<pose>Unspecified</pose>
		<truncated>0</truncated>
		<difficult>0</difficult>
		<bndbox>
			<xmin>62</xmin>
			<ymin>323</ymin>
			<xmax>405</xmax>
			<ymax>544</ymax>
		</bndbox>
	</object>
	<object>
		<name>obj1</name>
		<pose>Unspecified</pose>
		<truncated>0</truncated>
		<difficult>0</difficult>
		<bndbox>
			<xmin>320</xmin>
			<ymin>268</ymin>
			<xmax>421</xmax>
			<ymax>449</ymax>
		</bndbox>
	</object>
</annotation>
