<annotation>
	<folder>images</folder>
	<filename>15.jpg</filename>
	<path>../images/15.jpg</path>
	<source>
		<database>Unknown</database>
	</source>
	<size>
		<width>499</width>
		<height>666</height>
		<depth>3</depth>
	</size>
	<segmented>0</segmented>
	<object>
		<name>obj3</name>
		<pose>Unspecified</pose>
		<truncated>0</truncated>
		<difficult>0</difficult>
		<bndbox>
			<xmin>95</xmin>
			<ymin>140</ymin>
			<xmax>223</xmax>
			<ymax>471</ymax>
		</bndbox>
	</object>
	<object>
		<name>obj1</name>
		<pose>Unspecified</pose>
		<truncated>0</truncated>
		<difficult>0</difficult>
		<bndbox>
			<xmin>289</xmin>
			<ymin>248</ymin>
			<xmax>427</xmax>
			<ymax>488</ymax>
		</bndbox>
	</object>
</annotation>
