<annotation>
	<folder>images</folder>
	<filename>16.jpg</filename>
	<path>../images/16.jpg</path>
	<source>
		<database>Unknown</database>
	</source>
	<size>
		<width>499</width>
		<height>666</height>
		<depth>3</depth>
	</size>
	<segmented>0</segmented>
	<object>
		<name>obj3</name>
		<pose>Unspecified</pose>
		<truncated>0</truncated>
		<difficult>0</difficult>
		<bndbox>
			<xmin>120</xmin>
			<ymin>185</ymin>
			<xmax>228</xmax>
			<ymax>464</ymax>
		</bndbox>
	</object>
	<object>
		<name>obj1</name>
		<pose>Unspecified</pose>
		<truncated>0</truncated>
		<difficult>0</difficult>
		<bndbox>
			<xmin>127</xmin>
			<ymin>379</ymin>
			<xmax>352</xmax>
			<ymax>548</ymax>
		</bndbox>
	</object>
</annotation>
