<annotation>
	<folder>images</folder>
	<filename>17.jpg</filename>
	<path>../images/17.jpg</path>
	<source>
		<database>Unknown</database>
	</source>
	<size>
		<width>499</width>
		<height>666</height>
		<depth>3</depth>
	</size>
	<segmented>0</segmented>
	<object>
		<name>obj4</name>
		<pose>Unspecified</pose>
		<truncated>0</truncated>
		<difficult>0</difficult>
		<bndbox>
			<xmin>95</xmin>
			<ymin>156</ymin>
			<xmax>218</xmax>
			<ymax>505</ymax>
		</bndbox>
	</object>
	<object>
		<name>obj3</name>
		<pose>Unspecified</pose>
		<truncated>0</truncated>
		<difficult>0</difficult>
		<bndbox>
			<xmin>228</xmin>
			<ymin>196</ymin>
			<xmax>339</xmax>
			<ymax>502</ymax>
		</bndbox>
	</object>
</annotation>
