<annotation>
	<folder>images</folder>
	<filename>19.jpg</filename>
	<path>../images/19.jpg</path>
	<source>
		<database>Unknown</database>
	</source>
	<size>
		<width>499</width>
		<height>666</height>
		<depth>3</depth>
	</size>
	<segmented>0</segmented>
	<object>
		<name>obj4</name>
		<pose>Unspecified</pose>
		<truncated>0</truncated>
		<difficult>0</difficult>
		<bndbox>
			<xmin>122</xmin>
			<ymin>150</ymin>
			<xmax>250</xmax>
			<ymax>503</ymax>
		</bndbox>
	</object>
	<object>
		<name>obj1</name>
		<pose>Unspecified</pose>
		<truncated>0</truncated>
		<difficult>0</difficult>
		<bndbox>
			<xmin>284</xmin>
			<ymin>286</ymin>
			<xmax>411</xmax>
			<ymax>512</ymax>
		</bndbox>
	</object>
</annotation>
