<annotation>
	<folder>images</folder>
	<filename>20.jpg</filename>
	<path>../images/20.jpg</path>
	<source>
		<database>Unknown</database>
	</source>
	<size>
		<width>499</width>
		<height>666</height>
		<depth>3</depth>
	</size>
	<segmented>0</segmented>
	<object>
		<name>obj4</name>
		<pose>Unspecified</pose>
		<truncated>0</truncated>
		<difficult>0</difficult>
		<bndbox>
			<xmin>74</xmin>
			<ymin>358</ymin>
			<xmax>426</xmax>
			<ymax>551</ymax>
		</bndbox>
	</object>
	<object>
		<name>obj1</name>
		<pose>Unspecified</pose>
		<truncated>0</truncated>
		<difficult>0</difficult>
		<bndbox>
			<xmin>324</xmin>
			<ymin>247</ymin>
			<xmax>443</xmax>
			<ymax>451</ymax>
		</bndbox>
	</object>
</annotation>
