<annotation>
	<folder>images</folder>
	<filename>21.jpg</filename>
	<path>../images/21.jpg</path>
	<source>
		<database>Unknown</database>
	</source>
	<size>
		<width>499</width>
		<height>666</height>
		<depth>3</depth>
	</size>
	<segmented>0</segmented>
	<object>
		<name>obj4</name>
		<pose>Unspecified</pose>
		<truncated>0</truncated>
		<difficult>0</difficult>
		<bndbox>
			<xmin>4</xmin>
			<ymin>339</ymin>
			<xmax>274</xmax>
			<ymax>514</ymax>
		</bndbox>
	</object>
	<object>
		<name>obj2</name>
		<pose>Unspecified</pose>
		<truncated>0</truncated>
		<difficult>0</difficult>
		<bndbox>
			<xmin>157</xmin>
			<ymin>275</ymin>
			<xmax>440</xmax>
			<ymax>467</ymax>
		</bndbox>
	</object>
</annotation>
