<annotation>
	<folder>images</folder>
	<filename>22.jpg</filename>
	<path>../images/22.jpg</path>
	<source>
		<database>Unknown</database>
	</source>
	<size>
		<width>499</width>
		<height>666</height>
		<depth>3</depth>
	</size>
	<segmented>0</segmented>
	<object>
		<name>obj2</name>
		<pose>Unspecified</pose>
		<truncated>0</truncated>
		<difficult>0</difficult>
		<bndbox>
			<xmin>22</xmin>
			<ymin>276</ymin>
			<xmax>329</xmax>
			<ymax>493</ymax>
		</bndbox>
	</object>
	<object>
		<name>obj1</name>
		<pose>Unspecified</pose>
		<truncated>0</truncated>
		<difficult>0</difficult>
		<bndbox>
			<xmin>314</xmin>
			<ymin>258</ymin>
			<xmax>450</xmax>
			<ymax>488</ymax>
		</bndbox>
	</object>
</annotation>
