<annotation>
	<folder>images</folder>
	<filename>23.jpg</filename>
	<path>../images/23.jpg</path>
	<source>
		<database>Unknown</database>
	</source>
	<size>
		<width>499</width>
		<height>666</height>
		<depth>3</depth>
	</size>
	<segmented>0</segmented>
	<object>
		<name>obj2</name>
		<pose>Unspecified</pose>
		<truncated>0</truncated>
		<difficult>0</difficult>
		<bndbox>
			<xmin>49</xmin>
			<ymin>282</ymin>
			<xmax>317</xmax>
			<ymax>472</ymax>
		</bndbox>
	</object>
	<object>
		<name>obj3</name>
		<pose>Unspecified</pose>
		<truncated>0</truncated>
		<difficult>0</difficult>
		<bndbox>
			<xmin>255</xmin>
			<ymin>328</ymin>
			<xmax>461</xmax>
			<ymax>507</ymax>
		</bndbox>
	</object>
</annotation>
