<annotation>
	<folder>images</folder>
	<filename>25.jpg</filename>
	<path>../images/25.jpg</path>
	<source>
		<database>Unknown</database>
	</source>
	<size>
		<width>499</width>
		<height>666</height>
		<depth>3</depth>
	</size>
	<segmented>0</segmented>
	<object>
		<name>obj3</name>
		<pose>Unspecified</pose>
		<truncated>0</truncated>
		<difficult>0</difficult>
		<bndbox>
			<xmin>101</xmin>
			<ymin>171</ymin>
			<xmax>219</xmax>
			<ymax>478</ymax>
		</bndbox>
	</object>
	<object>
		<name>obj1</name>
		<pose>Unspecified</pose>
		<truncated>0</truncated>
		<difficult>0</difficult>
		<bndbox>
			<xmin>209</xmin>
			<ymin>363</ymin>
			<xmax>423</xmax>
			<ymax>474</ymax>
		</bndbox>
	</object>
</annotation>
