<annotation>
	<folder>images</folder>
	<filename>26.jpg</filename>
	<path>../images/26.jpg</path>
	<source>
		<database>Unknown</database>
	</source>
	<size>
		<width>499</width>
		<height>666</height>
		<depth>3</depth>
	</size>
	<segmented>0</segmented>
	<object>
		<name>obj1</name>
		<pose>Unspecified</pose>
		<truncated>0</truncated>
		<difficult>0</difficult>
		<bndbox>
			<xmin>10</xmin>
			<ymin>383</ymin>
			<xmax>212</xmax>
			<ymax>489</ymax>
		</bndbox>
	</object>
	<object>
		<name>obj4</name>
		<pose>Unspecified</pose>
		<truncated>0</truncated>
		<difficult>0</difficult>
		<bndbox>
			<xmin>221</xmin>
			<ymin>351</ymin>
			<xmax>493</xmax>
			<ymax>444</ymax>
		</bndbox>
	</object>
</annotation>
