<annotation>
	<folder>images</folder>
	<filename>36.jpg</filename>
	<path>../images/36.jpg</path>
	<source>
		<database>Unknown</database>
	</source>
	<size>
		<width>499</width>
		<height>666</height>
		<depth>3</depth>
	</size>
	<segmented>0</segmented>
	<object>
		<name>obj4</name>
		<pose>Unspecified</pose>
		<truncated>0</truncated>
		<difficult>0</difficult>
		<bndbox>
			<xmin>29</xmin>
			<ymin>257</ymin>
			<xmax>175</xmax>
			<ymax>600</ymax>
		</bndbox>
	</object>
	<object>
		<name>obj2</name>
		<pose>Unspecified</pose>
		<truncated>0</truncated>
		<difficult>0</difficult>
		<bndbox>
			<xmin>173</xmin>
			<ymin>180</ymin>
			<xmax>302</xmax>
			<ymax>509</ymax>
		</bndbox>
	</object>
	<object>
		<name>obj3</name>
		<pose>Unspecified</pose>
		<truncated>0</truncated>
		<difficult>0</difficult>
		<bndbox>
			<xmin>308</xmin>
			<ymin>220</ymin>
			<xmax>395</xmax>
			<ymax>443</ymax>
		</bndbox>
	</object>
</annotation>
