<annotation>
	<folder>images</folder>
	<filename>39.jpg</filename>
	<path>../images/39.jpg</path>
	<source>
		<database>Unknown</database>
	</source>
	<size>
		<width>499</width>
		<height>666</height>
		<depth>3</depth>
	</size>
	<segmented>0</segmented>
	<object>
		<name>obj2</name>
		<pose>Unspecified</pose>
		<truncated>0</truncated>
		<difficult>0</difficult>
		<bndbox>
			<xmin>9</xmin>
			<ymin>198</ymin>
			<xmax>190</xmax>
			<ymax>557</ymax>
		</bndbox>
	</object>
	<object>
		<name>obj3</name>
		<pose>Unspecified</pose>
		<truncated>0</truncated>
		<difficult>0</difficult>
		<bndbox>
			<xmin>227</xmin>
			<ymin>232</ymin>
			<xmax>306</xmax>
			<ymax>455</ymax>
		</bndbox>
	</object>
	<object>
		<name>obj4</name>
		<pose>Unspecified</pose>
		<truncated>0</truncated>
		<difficult>0</difficult>
		<bndbox>
			<xmin>333</xmin>
			<ymin>186</ymin>
			<xmax>420</xmax>
			<ymax>410</ymax>
		</bndbox>
	</object>
</annotation>
