<annotation>
	<folder>images</folder>
	<filename>46.jpg</filename>
	<path>../images/46.jpg</path>
	<source>
		<database>Unknown</database>
	</source>
	<size>
		<width>499</width>
		<height>666</height>
		<depth>3</depth>
	</size>
	<segmented>0</segmented>
	<object>
		<name>obj4</name>
		<pose>Unspecified</pose>
		<truncated>0</truncated>
		<difficult>0</difficult>
		<bndbox>
			<xmin>66</xmin>
			<ymin>177</ymin>
			<xmax>177</xmax>
			<ymax>467</ymax>
		</bndbox>
	</object>
	<object>
		<name>obj2</name>
		<pose>Unspecified</pose>
		<truncated>0</truncated>
		<difficult>0</difficult>
		<bndbox>
			<xmin>161</xmin>
			<ymin>149</ymin>
			<xmax>334</xmax>
			<ymax>531</ymax>
		</bndbox>
	</object>
	<object>
		<name>obj1</name>
		<pose>Unspecified</pose>
		<truncated>0</truncated>
		<difficult>0</difficult>
		<bndbox>
			<xmin>307</xmin>
			<ymin>316</ymin>
			<xmax>428</xmax>
			<ymax>525</ymax>
		</bndbox>
	</object>
</annotation>
