<annotation>
	<folder>images</folder>
	<filename>68.jpg</filename>
	<path>../images/68.jpg</path>
	<source>
		<database>Unknown</database>
	</source>
	<size>
		<width>499</width>
		<height>666</height>
		<depth>3</depth>
	</size>
	<segmented>0</segmented>
	<object>
		<name>obj1</name>
		<pose>Unspecified</pose>
		<truncated>0</truncated>
		<difficult>0</difficult>
		<bndbox>
			<xmin>22</xmin>
			<ymin>341</ymin>
			<xmax>121</xmax>
			<ymax>503</ymax>
		</bndbox>
	</object>
	<object>
		<name>obj4</name>
		<pose>Unspecified</pose>
		<truncated>0</truncated>
		<difficult>0</difficult>
		<bndbox>
			<xmin>110</xmin>
			<ymin>249</ymin>
			<xmax>197</xmax>
			<ymax>495</ymax>
		</bndbox>
	</object>
	<object>
		<name>obj2</name>
		<pose>Unspecified</pose>
		<truncated>0</truncated>
		<difficult>0</difficult>
		<bndbox>
			<xmin>191</xmin>
			<ymin>365</ymin>
			<xmax>476</xmax>
			<ymax>546</ymax>
		</bndbox>
	</object>
	<object>
		<name>obj3</name>
		<pose>Unspecified</pose>
		<truncated>0</truncated>
		<difficult>0</difficult>
		<bndbox>
			<xmin>382</xmin>
			<ymin>271</ymin>
			<xmax>470</xmax>
			<ymax>468</ymax>
		</bndbox>
	</object>
</annotation>
