<annotation>
	<folder>images</folder>
	<filename>83.jpg</filename>
	<path>../images/83.jpg</path>
	<source>
		<database>Unknown</database>
	</source>
	<size>
		<width>499</width>
		<height>666</height>
		<depth>3</depth>
	</size>
	<segmented>0</segmented>
	<object>
		<name>obj2</name>
		<pose>Unspecified</pose>
		<truncated>0</truncated>
		<difficult>0</difficult>
		<bndbox>
			<xmin>53</xmin>
			<ymin>212</ymin>
			<xmax>189</xmax>
			<ymax>529</ymax>
		</bndbox>
	</object>
	<object>
		<name>obj1</name>
		<pose>Unspecified</pose>
		<truncated>0</truncated>
		<difficult>0</difficult>
		<bndbox>
			<xmin>177</xmin>
			<ymin>335</ymin>
			<xmax>264</xmax>
			<ymax>501</ymax>
		</bndbox>
	</object>
	<object>
		<name>obj4</name>
		<pose>Unspecified</pose>
		<truncated>0</truncated>
		<difficult>0</difficult>
		<bndbox>
			<xmin>254</xmin>
			<ymin>246</ymin>
			<xmax>350</xmax>
			<ymax>515</ymax>
		</bndbox>
	</object>
	<object>
		<name>obj3</name>
		<pose>Unspecified</pose>
		<truncated>0</truncated>
		<difficult>0</difficult>
		<bndbox>
			<xmin>338</xmin>
			<ymin>281</ymin>
			<xmax>440</xmax>
			<ymax>528</ymax>
		</bndbox>
	</object>
</annotation>
