<annotation>
	<folder>images</folder>
	<filename>87.jpg</filename>
	<path>../images/87.jpg</path>
	<source>
		<database>Unknown</database>
	</source>
	<size>
		<width>499</width>
		<height>666</height>
		<depth>3</depth>
	</size>
	<segmented>0</segmented>
	<object>
		<name>obj2</name>
		<pose>Unspecified</pose>
		<truncated>0</truncated>
		<difficult>0</difficult>
		<bndbox>
			<xmin>2</xmin>
			<ymin>235</ymin>
			<xmax>257</xmax>
			<ymax>467</ymax>
		</bndbox>
	</object>
	<object>
		<name>obj1</name>
		<pose>Unspecified</pose>
		<truncated>0</truncated>
		<difficult>0</difficult>
		<bndbox>
			<xmin>229</xmin>
			<ymin>303</ymin>
			<xmax>318</xmax>
			<ymax>448</ymax>
		</bndbox>
	</object>
	<object>
		<name>obj3</name>
		<pose>Unspecified</pose>
		<truncated>0</truncated>
		<difficult>0</difficult>
		<bndbox>
			<xmin>311</xmin>
			<ymin>231</ymin>
			<xmax>406</xmax>
			<ymax>428</ymax>
		</bndbox>
	</object>
	<object>
		<name>obj4</name>
		<pose>Unspecified</pose>
		<truncated>0</truncated>
		<difficult>0</difficult>
		<bndbox>
			<xmin>157</xmin>
			<ymin>409</ymin>
			<xmax>458</xmax>
			<ymax>529</ymax>
		</bndbox>
	</object>
</annotation>
