<annotation>
	<folder>images</folder>
	<filename>9.jpg</filename>
	<path>../images/9.jpg</path>
	<source>
		<database>Unknown</database>
	</source>
	<size>
		<width>499</width>
		<height>666</height>
		<depth>3</depth>
	</size>
	<segmented>0</segmented>
	<object>
		<name>obj2</name>
		<pose>Unspecified</pose>
		<truncated>0</truncated>
		<difficult>0</difficult>
		<bndbox>
			<xmin>80</xmin>
			<ymin>157</ymin>
			<xmax>208</xmax>
			<ymax>478</ymax>
		</bndbox>
	</object>
	<object>
		<name>obj3</name>
		<pose>Unspecified</pose>
		<truncated>0</truncated>
		<difficult>0</difficult>
		<bndbox>
			<xmin>299</xmin>
			<ymin>220</ymin>
			<xmax>394</xmax>
			<ymax>464</ymax>
		</bndbox>
	</object>
</annotation>
